{"B2_Carpark_zone_1": [0.39952529598227693, -0.40054015319916303], "B2_SLL": [0.48788396525632666, -0.4041572517014477], "B2_Carpark_zone_4": [0.28057928282863503, -0.3430260919907472], "B2_Carpark_zone_2": [0.47035207921256716, -0.34296089999608126], "B2_Carpark_zone_3": [0.3633998755250734, -0.28346978709245085], "B2_CLL": [0.26622514530142183, -0.30187482189758486], "B2_R1_LL": [0.35564780588751427, -0.1629734128531319], "B2_Carpark_zone_5": [0.36855495760354906, -0.2603959958005981], "B2_ELL_1": [0.11395493813155141, -0.34574115024900215], "B2_ELL_2": [0.1441299915303294, -0.3783624526739592], "B2_Carpark_zone_6": [0.3715212669613036, -0.3401305925210223], "B2_R2_LL": [0.3859721329592697, -0.13619060575048308], "B1_Carpark_zone_1": [0.5026441644130938, -0.2785075677938197], "B1_SLL": [0.45156437502585894, -0.3625382223524446], "B1_Carpark_entrance": [0.4394717029630965, -0.2848602852355713], "B1_Carpark_zone_3": [0.47761278857198486, -0.1822388744716103], "B1_Supermarket_entrance_2": [0.32223402284807084, -0.2818518360799828], "B1_Carpark_zone_2": [0.42568706675154816, -0.23767357856299084], "B1_CLL": [0.15511183353368924, -0.307341537738953], "B1_Carpark_zone_4": [0.40308063627698165, -0.08358219844106274], "B1_R1_LL": [0.2989082715347734, -0.052124952611202646], "B1_R2_LL": [0.3287105219355283, -0.023358426205511304], "B1_Posb_bank": [0.02659160682607375, -0.35093269776795055], "B1_Supermarket_entrance_1": [-0.09534492410248756, -0.376808604384308], "L1_Shop_walkway_3": [-0.1877352203637776, -0.3518809489714671], "L1_RR_walkway": [0.34505800342494986, -0.5227635727159072], "L1_SLL_corridor": [0.2938192981785152, -0.4291205933729398], "L1_SLL": [0.32225205538415314, -0.3496252574622019], "L1_Entrance_1": [0.20373116205676073, -0.33299623312252197], "L1_Entrance_1_lobby": [0.10377625925184876, -0.21653263517352095], "L1_R1_LL_walkway": [0.08410211970699498, -0.05928517035288955], "L1_Yassin_walkway": [-0.0042871745655099856, -0.2846346306935248], "L1_R1_LL": [0.16019872728379503, 0.03193106714446223], "L1_Entrance_2": [-0.018933823305537712, 0.028885391037263924], "L1_Entrance_2_3_walkway": [-0.11398436948348387, 0.09046112478685306], "L1_Entrance_3": [-0.03638016861452644, 0.05905181687295368], "L1_Entrance_3_4_walkway": [-0.1935259192273129, 0.07523289284588038], "L1_Entrance_4": [-0.13356504620978618, 0.007766848242629044], "L1_CP_zone_4": [0.05728267868100193, 0.002638711782723992], "L1_CP_zone_3": [-0.0357795633274986, -0.0440323601853984], "L1_Entrance_5": [-0.09374044149919981, -0.02022243448847775], "L1_PG": [-0.16209410073945035, -0.049844802735551245], "L1_Thoroughfare": [-0.09714875014865111, -0.06437429203286829], "L1_Entrance_6": [0.018407355805498044, -0.007369860627734856], "L1_R2_LL": [0.1946137704505577, 0.0769573217798448], "L1_CP_zone_1": [-0.059511278018335854, -0.09623642925337371], "L1_Entrance_7": [-0.15652214596871225, -0.14491507114012667], "L1_Entrance_mrt": [-0.22008473355943692, -0.25594496558719293], "L1_Entrance_8": [-0.24283536956047305, -0.30864967591167014], "L1_ELL": [-0.14719450504940593, -0.29961807588971484], "L1_Shop_walkway_2": [-0.10177679408970028, -0.302152668694161], "L1_Shop_walkway_1": [-0.039066200150152545, -0.24019169254542858], "L1_CLL": [0.00723193664378799, -0.3062403101977927], "L1_CP_zone_2": [-0.00709708211669331, -0.1386053235068778], "L1_CP_walkway": [-0.03756601638552643, -0.1792539430767823], "L1_Shop_walkway_4": [3.8417121541507885e-05, -0.22365141283662696], "L1_Fish_pond": [-0.0001499681262170909, -0.012984131572419974], "L2_FC_zone_11": [-0.2428681384593039, -0.45670438032400684], "L2_FC_zone_1": [-0.0609145482743683, -0.4604863487361217], "L2_SLL_corridor": [0.09166323098783877, -0.41644324797546023], "L2_SLL": [0.1994459346855769, -0.24564691449036805], "L2_FC_zone_5_walkway": [0.018989513271323588, -0.49980606108481707], "L2_FC_zone_4": [-0.017297732959142484, -0.5158786887125302], "L2_FC_zone_3": [-0.03503007695696446, -0.6177977143888351], "L2_FC_zone_5": [0.017681658278980526, -0.5827576264190598], "L2_FC_zone_8_walkway": [-0.1199539785553957, -0.45875050493933], "L2_FC_zone_2": [-0.06541697432498773, -0.576215791945757], "L2_FC_zone_8": [-0.15915928975501642, -0.5205982854616784], "L2_FC_zone_6": [-0.07138706732428042, -0.4338246435466152], "L2_CLL": [-0.07818118443135608, -0.3162581620759087], "L2_FC_zone_9": [-0.24846402641179194, -0.5521166714519015], "L2_FC_zone_9_walkway": [-0.20536473298697655, -0.496923589507842], "L2_FC_zone_7": [-0.1526389021547838, -0.42737114180548086], "L2_ELL_1": [-0.06163524116794946, -0.3145336850504765], "L2_ELL_2": [-0.16092377816117376, -0.16780297972908004], "L2_FC_zone_10": [-0.3072939222198755, -0.5365013893842453], "L4_R1_LL": [0.1297463577342593, 0.18076765505067768], "L4_R1_LL_corridor": [0.28938201857923623, 0.24894217049726095], "L4_R1_deck": [0.4386348190121913, 0.2906514261767807], "L4_R1_garden": [0.5200692279252289, 0.3531028714006469], "L4_ST_walkway": [0.5292165506245116, 0.2502837388353957], "L4_ST_1": [0.49982333718295374, 0.14332168483844993], "L4_ST_2": [0.4181116767083618, 0.04804094059865412], "L4_R2_deck": [0.581773416789866, 0.3199248794057338], "L4_R2_LL_corridor": [0.4662929495309537, 0.3058880414901391], "L4_R2_LL": [0.32079637507645514, 0.26129654071199343], "L4_R2_garden": [0.6693314177905992, 0.3585010577224933], "L5_R1_LL": [-0.05312405191245606, 0.19328477899955818], "L5_R1_LL_corridor": [-0.13769747548842398, 0.27881510379417135], "L5_R2_LL_corridor": [0.3845190458803697, 0.5081019545452233], "L5_R2_LL": [0.31028974105737234, 0.43024124942868636], "L6_SLL": [0.18585532341897607, -0.013056144765110075], "L6_SLL_corridor": [0.1565545998308261, 0.16923824342177637], "L6_CCC_walkway": [0.08615092110049194, 0.34262902350994157], "L6_ST_1": [0.09398058984216873, 0.471767873760488], "L6_ST_2": [0.10302827132989328, 0.4430727465706826], "L6_ST_3": [0.04011954450596118, 0.39471671716348744], "L6_AAH_walkway": [-0.017088759382640976, 0.38182228466572254], "L6_PG_walkway": [0.036697854154022644, 0.5250718594714673], "L6_PG": [0.10319769405420921, 0.5282588036076111], "L6_Deck_1": [-0.06438325465066758, 0.46870455723125065], "L6_R1_LL_corridor": [-0.13068947100015496, 0.35174153927981694], "L6_R1_LL": [-0.1855436464622037, 0.12101340747310337], "L6_Deck_2": [-0.07424487173905929, 0.5190697988469825], "L6_Link_bridge": [0.011151482947605125, 0.6414479577484747], "L6_Deck_3": [0.1005879268156065, 0.7046496464803408], "L6_R2_LL_corridor": [0.1671591894227499, 0.6593465124570377], "L6_R2_LL": [0.19332593694915312, 0.5217526674478976], "L6_Deck_4": [0.12084652219194898, 0.7333111533400983], "L6_FC_walkway": [0.04847240395272965, 0.6653080965286824], "L6_FC": [0.0124154889143915, 0.6041367928558284], "L6_ST_5": [0.0059515387994755605, 0.5462085457348762], "L6_ST_4": [0.007340949214949854, 0.49437181515731293], "L6_ELL_corridor": [-0.12473120146124307, 0.2211638159275187], "L6_ELL": [-0.2102264679235394, 0.04616132630539683], "L6_CLL": [0.006795919546315007, 0.2719750818547188], "L7_SLL": [0.15536063546690781, 0.13366191122505267], "L7_SLL_corridor": [0.07540396435202361, 0.18556232295443215], "L7_AAH_walkway": [-0.03423032815281132, 0.22004134502705386], "L7_CCC_walkway": [-0.14822989489812147, 0.22011528846875222], "L7_CLL": [-0.0781199320587047, 0.26602580783840585], "L7_ELL_corridor": [-0.2616105465705599, 0.19492892612671914], "L7_ELL": [-0.3230648728790217, 0.14217354628712975], "L7_R1_LL": [-0.2825412915310482, -0.12900342366319545], "L7_R1_LL_corridor": [-0.3840954774150946, -0.15420043072434247], "L7_R2_LL_corridor": [0.14720231228618227, 0.4887295627778478], "L7_R2_LL": [0.05996723822802091, 0.4274298560233536], "L8_SLL": [0.09928091793755135, 0.2734738532798156], "L8_SLL_corridor": [0.04843854700160286, 0.3003414472202974], "L8_RG_zone_1": [-0.06260706394443433, 0.29802740690913504], "L8_RG_zone_2": [-0.20026564919404335, 0.29522916814670364], "L8_CLL": [-0.11578432117487844, 0.3211985462371371],