{"Community": [-0.4962269885501427, 0.18141539119366223], "Garden": [-0.6361054633649416, -0.2644385895790085], "Residential": [0.42395501356485044, -1.0], "Commercial": [0.1700785102971451, 0.5267237294664624], "Social": [0.23620608619852068, -0.3036975334247455], "Corridor": [-0.29273421554072326, 0.5843565898128161], "Vertical": [-0.00623091702669882, -0.09299789225097031], "Entrance": [0.6010579744219895, 0.3686383047817851]}