{"carparks": {"B2_CLL": [-0.12434308335506986, 0.14529921299670434], "B1_R1_LL": [-0.35382866354241094, -0.015883073692446854], "B1_Carpark_zone_3": [-0.05925716909334958, 0.39922942452049637], "B1_Carpark_zone_4": [-0.28106446990525813, 0.13478943293975768], "B2_Carpark_zone_4": [0.23908921401491706, -0.4971049857946817], "B2_Carpark_zone_2": [0.28011947989112895, -0.11733920495149527], "B2_Carpark_zone_5": [0.0009454409416757779, -0.44359362111188616], "B1_Supermarket_entrance_1": [-0.7436972719374176, 0.7862751999784136], "B1_Carpark_zone_2": [-0.03977345026047181, 0.6267947283238394], "B1_Carpark_entrance": [0.07157161795899157, 0.6815311146678957], "B1_SLL": [0.4023504567387707, 0.26610165606234054], "B2_ELL_2": [0.37132885419366707, -0.7842965344411358], "B2_R2_LL": [-0.25693220495578856, -0.38028707684089924], "B2_Carpark_zone_6": [0.09012751319384481, -0.6139913751725292], "B2_Carpark_zone_1": [0.43129294219206393, -0.28848487209588847], "B1_Supermarket_entrance_2": [-0.1530259262904541, 0.6796396512105776], "B2_SLL": [0.45258291471859885, -0.019142760283596127], "B2_Carpark_zone_3": [0.04746331977917886, -0.203804349778103], "B2_ELL_1": [0.3854772620900747, -0.6654711378405553], "B1_CLL": [-0.31064217441096936, 0.4786550427041325], "B1_Carpark_zone_1": [0.19541308461549028, 0.4710633033600355], "B2_R1_LL": [-0.17968451269542748, -0.14412470630438778], "B1_R2_LL": [-0.3715155886020285, -0.1507914145790311], "B1_Posb_bank": [-0.5602129030387274, 0.6549363461224427], "B1_ELL": [0.46621531775897024, -1.0]}, "L1": {"L1_R1_LL_walkway": [-0.5107578973381053, -0.12853062292138528], "L1_ELL": [0.9193052432843848, -0.15371910616752876], "L1_CP_zone_3": [-0.05900167320372157, 0.23742991997843868], "L1_RR_walkway": [-0.42393113080759, -0.8895154901221631], "L1_Entrance_8": [0.9069051914010411, -0.011260369877175451], "L1_Entrance_mrt": [0.7030037541812023, 0.06262503440226311], "L1_Entrance_3_4_walkway": [-0.40375990889776897, 0.4822886758822835], "L1_Fish_pond": [-0.22279403452436394, 0.2764220018508835], "L1_Entrance_2_3_walkway": [-0.5718999411579783, 0.31634596478985294], "L1_Entrance_1": [-0.47943727084402443, -0.6122304960123234], "L1_PG": [0.2604440076191252, 0.6094145224428886], "L1_CP_zone_1": [0.18326031066726178, 0.21838693772299184], "L1_Entrance_2": [-0.6047114445041444, 0.10371652213646154], "L1_Entrance_4": [-0.1417515463894912, 0.4810801054447355], "L1_R1_LL": [-0.40609266553022927, 0.004847394595265321], "L1_Shop_walkway_1": [0.19419796016310165, -0.1776235814362003], "L1_CLL": [0.34498975776083085, -0.3170283371937999], "L1_Entrance_5": [0.10719365075404773, 0.5417494318787759], "L1_SLL_corridor": [-0.5587140347377384, -0.8429323765240955], "L1_SLL": [-0.6622836651903256, -1.0], "L1_CP_zone_2": [0.02470858710359671, 0.027602392334399373], "L1_Thoroughfare": [0.26997133047851074, 0.4167612522008327], "L1_R2_LL": [-0.07942439579902517, 0.3410829667112008], "L1_Shop_walkway_4": [0.3798114698597325, -0.036721732585366484], "L1_CP_walkway": [0.21289180905168104, 0.004864605755641457], "L1_Entrance_6": [0.1198188088320509, 0.4003222473064621], "L1_Yassin_walkway": [-0.07219306107659168, -0.21581786919090323], "L1_Entrance_7": [0.44740247116491805, 0.2383708771157568], "L1_CP_zone_4": [-0.2245171237158739, 0.15660865464215706], "L1_Shop_walkway_3": [0.7180803983971585, -0.14963377298214015], "L1_Entrance_1_lobby": [-0.3579237238625204, -0.348391978922314], "L1_Shop_walkway_2": [0.4683296128664383, -0.23626199483634036], "L1_Entrance_3": [-0.4811208460055893, 0.19974822158044486]}, "L2": {"L2_FC_zone_6": [0.28220921731393, 0.11493808278279952], "L2_FC_zone_8": [-0.3398587354186079, -0.1980301970876412], "L2_ELL_2": [0.19443498736878653, 1.0], "L2_SLL_corridor": [0.36804682656343923, -0.18053308663102516], "L2_ELL_1": [0.10636839041047957, 0.716822435913293], "L2_FC_zone_1": [-0.20233597489861635, -0.5044008189284745], "L2_SLL": [0.4743015270609033, 0.12385861682931548], "L2_FC_zone_9_walkway": [-0.26342918279381977, 0.2090667734377677], "L2_FC_zone_7": [-0.023312767534343536, 0.3340415550492755], "L2_FC_zone_2": [-0.20010533874697226, -0.7934529662845912], "L2_FC_zone_11": [-0.33403640394407585, 0.4099229315448333], "L2_FC_zone_4": [0.09492001074849524, -0.3911640626821364], "L2_FC_zone_5_walkway": [0.5037685584900512, -0.1713745983842947], "L2_FC_zone_3": [0.010424194571663428, -0.7171708884656424], "L2_FC_zone_10": [-0.5947964380514064, 0.3405171054640186], "L2_FC_zone_5": [0.4066710651455882, -0.4328884608878669], "L2_FC_zone_9": [-0.5013418706987111, 0.08712339373013757], "L2_FC_zone_8_walkway": [-0.0902763442582228, -0.02477232904177232], "L2_CLL": [0.1083482786714396, 0.07749651364200462]}, "L3-L4": {"L3_CLL": [1.0, -0.2538179165326893], "L4_CLL": [-1.0, 0.2538179165326893]}, "L6": {"L6_SLL": [-0.41217867774544314, -1.0], "L6_R2_LL": [0.639300630235806, 0.9306304447152347], "L6_FC": [0.4950821045103331, -0.11790564329205261], "L6_ST_4": [0.3000040541459004, -0.3053676888445543], "L6_ST_2": [-0.2456863764545341, -0.3458739556119709], "L6_PG_walkway": [-0.5345777753559542, 0.012351303200279735], "L6_Deck_1": [-0.6098801947726185, 0.3514481901001276], "L6_ST_1": [-0.37212854492489367, -0.26580539276498105], "L6_R1_LL": [-0.7682084085830428, 0.8193971428825085], "L6_ELL_corridor": [0.40128507454394263, -0.7380275940319275], "L6_R1_LL_corridor": [-0.5889819056204156, 0.6779079979172492], "L6_Deck_2": [-0.3555748713119847, 0.871650431462753], "L6_AAH_walkway": [0.20665575100019262, -0.47575253072035945], "L6_ST_3": [0.03294292473236745, -0.40871352042329745], "L6_CCC_walkway": [-0.13360700801112152, -0.5031406503033649], "L6_ST_5": [0.4076454286453512, -0.20342933044881986], "L6_Deck_3": [0.2229216089167665, 0.9193143939613665], "L6_SLL_corridor": [-0.29412838950634007, -0.7897392790206683], "L6_CLL": [0.04198507799676342, -0.5663049605863644], "L6_R2_LL_corridor": [0.4828292261107075, 0.7647137462822414], "L6_FC_walkway": [0.529057789206635, 0.09585673663384983], "L6_ELL": [0.5415425868645253, -0.9324919740886463], "L6_Link_bridge": [-0.07242731028916452, 0.9576719827985688], "L6_Deck_4": [0.5533802343661948, 0.44397595129667417], "L6_PG": [-0.4672530286999738, -0.1923658011138483]}, "L7": {"L7_SLL": [1.0, 0.5400779721629382], "L7_ELL_corridor": [-0.5665912381594206, -0.4621946219530762], "L7_ELL": [-0.8444650038202389, -0.760637199765857], "L7_SLL_corridor": [0.6254991843057798, 0.3786904543423479], "L7_CLL": [-0.1627829929955417, 0.23077766675841785], "L7_CCC_walkway": [-0.22541442310697626, -0.10407504539936467], "L7_AAH_walkway": [0.17375447377639777, 0.17736077385459442]}, "rooftop_garden": {"L9_CG_steps_zone_4": [-0.28399859542282474, -0.8050327446726246], "L9_CG_entrance": [-0.4522542427580288, 0.7484730591858486], "L8_RG_zone_2": [0.09357352392634084, -0.7368336916749761], "L9_CG_sitting_area": [-0.07031225474066995, 1.0], "L9_CG_steps_zone_1": [-0.6000453683238303, 0.2756107846909284], "L9_SLL": [0.675845170306103, 0.7356109661539711], "L8_SLL_corridor": [0.7464534446932609, -0.1566550746728019], "L8_CG_steps_entrance": [-0.1317883190296461, -0.3824461507809156], "L8_SLL": [0.8078185572525491, 0.313818422786015], "L8_CLL": [0.36298161388364086, -0.9261308078557967], "L8_ELL_corridor": [0.3138161704613572, -0.48773798151441977], "L9_SLL_corridor": [0.35141632912232207, 0.9987421773176913], "L9_CG_garden_zone_3": [-0.42977039524132216, 0.0675470907314461], "L9_CG_garden_zone_1": [-0.7525625935872496, 0.7879148370283905], "L8_ELL": [0.712036115952568, -0.6434881314784131], "L9_CG_garden_zone_2": [-0.6696338354124265, 0.4663973766461928], "L8_RG_zone_1": [0.4924731480655009, -0.6091346070432766], "L9_CG_steps_zone_3": [-0.4728992182109124, -0.49782069369408094], "L9_CG_steps_zone_2": [-0.6931492509367341, -0.1488348311531781]}, "residential": {"L4_R1_garden": [-0.35916214214460523, 0.6280386978921387], "L6_R2_LL": [-0.07270422930051258, -0.41003261122466766], "L9_R2_LL_corridor": [-0.13327044059981655, -1.0],