{"Carparks": [0.3386415442564574, 1.0], "L1": [0.16769049446001955, 0.4573701398714367], "L2": [-0.2311600249671035, 0.08170795008342364], "L6": [-0.15722771488042006, -0.46124205064109347], "Rooftop garden": [-0.36645126043225473, -0.9898622817072328], "Residential": [0.2485069615633015, -0.08797375760653413]}