{"carparks": {"L1_SLL": [-1.0, -0.22482307750641867], "B2_Carpark_zone_6": [0.5083989982859295, -0.26293703120047485], "B2_CLL": [-0.01400785766557624, -0.5160810428722121], "L1_ELL": [-0.39578460948036615, 0.7255582995291417], "B2_Carpark_zone_1": [0.030404044862762998, -0.15279150732769103], "L1_R1_LL": [0.9658558877512764, 0.22891103849360409], "B1_Carpark_entrance": [-0.6538846698979985, -0.3047041408609561], "B2_Carpark_zone_3": [0.29750473566801583, -0.2833513697580198], "B2_Carpark_zone_2": [0.028792972689546677, -0.3627579725164826], "B2_R2_LL": [0.7759068912764683, 0.04556567139407781], "B1_Carpark_zone_4": [0.318149747805689, 0.17428175461767859], "L2_ELL_1": [0.4463637863706614, 0.6294833025238246], "B1_R1_LL": [0.6659436171734932, 0.14901448350359175], "B2_R1_LL": [0.5844279018726309, -0.09001774414617512], "B1_Carpark_zone_1": [-0.5446915317953761, -0.047472054932479225], "B2_SLL": [-0.263569079045521, -0.2597836848491], "L1_Shop_walkway_3": [-0.6205856655839076, 0.5782099533844672], "B2_ELL_2": [0.14575073545081507, 0.3480103760407247], "B1_Posb_bank": [-0.5258968667051092, -0.11552691093279681], "L1_CLL": [-0.46811869978263226, -0.7995580336542201], "B1_Carpark_zone_3": [-0.1814262669859779, 0.015125055261981829], "B1_Supermarket_entrance_2": [-0.584598593448559, -0.4684682069692783], "L1_R2_LL": [0.8760343470609182, 0.5550490913267833], "B1_ELL": [-0.11135915226634496, 0.6136843012062635], "B1_Supermarket_entrance_1": [-0.6465459140352602, 0.2634421659921429], "B2_Carpark_zone_5": [0.5398909707252566, -0.1553060214579206], "B2_ELL_1": [0.3537715978728059, 0.35042750129236255], "B1_Carpark_zone_2": [-0.4519491959029691, -0.24673548325501402], "B1_SLL": [-0.6850042781744198, -0.19400859960533595], "B1_CLL": [-0.3827270993360758, -0.5071882734616923], "B1_R2_LL": [0.6812923497107735, 0.31908822923743646], "B2_Carpark_zone_4": [0.31166089552905135, -0.0043400684978130545]}, "L1": {"L1_Entrance_2_3_walkway": [-0.36611304410622963, 0.23804123245287237], "L1_SLL": [-0.871442835257424, -0.13610360119272724], "L1_Yassin_walkway": [-0.06880463969382243, -0.164372860752768], "L4_R1_LL": [-0.357044821329506, -0.20405824968366462], "L1_CP_zone_4": [-0.1487119828936895, 0.11162607703577077], "L1_Entrance_1": [-0.545745508394185, -0.224079454380793], "L1_Entrance_5": [0.09253394540185322, 0.33713305409543587], "L1_RR_walkway": [-0.8358828624368104, -0.31829483266207764], "L1_Entrance_8": [0.6791782358898255, 0.026102652784092115], "L2_FC_zone_11": [0.714911181603139, -0.1600427508320238], "L1_CP_zone_1": [0.13514928467568876, 0.12800913152325588], "L1_Entrance_4": [-0.07340127788964527, 0.2823400052532801], "L4_R2_LL": [-0.13714912404121193, 0.4737952007016763], "L1_ELL": [0.7804505651934581, -0.051431695548695235], "L1_R1_LL": [-0.30134076065981874, -0.05627318435559211], "L1_Entrance_3_4_walkway": [-0.24507637958486977, 0.3110659730433043], "L2_FC_zone_1": [-0.08283691828818321, -0.2969019306608329], "L2_SLL": [-0.8178550519826532, -0.017162789216908808], "L1_CP_zone_2": [0.024351356317530246, -0.006501945940587771], "L1_Thoroughfare": [0.1942230411671795, 0.2554693875633177], "L1_Shop_walkway_2": [0.3743048793796694, -0.19010737501117297], "B1_R1_LL": [-0.41167558710258856, -0.1386765885614833], "L1_Shop_walkway_4": [0.24826138425777766, -0.05836952166247678], "L1_Entrance_1_lobby": [-0.3200528247270773, -0.17298202984775546], "L1_Shop_walkway_3": [0.5961138635534242, -0.11534997252599505], "L1_SLL_corridor": [-0.7461960971850815, -0.2327499737417576], "L1_Entrance_6": [0.08020441988874163, 0.27055975900429696], "L1_Entrance_mrt": [0.5240268514319405, 0.04017758493421411], "L1_Fish_pond": [-0.10955352843137321, 0.1664374772915155], "L1_Entrance_7": [0.3237087629340796, 0.142888095010195], "L1_CP_walkway": [0.1460068363033865, -0.026261779508896473], "L1_Entrance_2": [-0.4066047384891193, 0.1172571017828284], "L1_CP_zone_3": [-0.021653637073707467, 0.13659401996861661], "L1_Entrance_3": [-0.3087470020002504, 0.15762274837768953], "L1_CLL": [0.28766349809683595, -0.3067459357978419], "L1_R2_LL": [-0.07742923844904849, 0.3349555137425745], "B1_ELL": [0.9122139425036552, -0.00773842947840111], "B1_Supermarket_entrance_1": [0.6714557178620005, -0.22139941719635683], "L1_Shop_walkway_1": [0.154202863100534, -0.15872856455229892], "L2_CLL": [0.3642297621453107, -0.41936585177375596], "L1_PG": [0.19797085950898494, 0.37848997694430175], "B1_SLL": [-0.9999999999999999, -0.14121674182969665], "L2_ELL_2": [0.9102322682807016, -0.09031609551361688], "B1_CLL": [0.2913608020118979, -0.44424141163511166], "B1_R2_LL": [-0.06275421566467737, 0.4851761866337956], "L1_R1_LL_walkway": [-0.3866822458266421, -0.034268194279743966]}, "L2": {"L1_SLL": [1.0, 0.30440170773948466], "L2_FC_zone_4": [0.18926281763467298, 0.33676666229292535], "L1_Yassin_walkway": [-0.04778061154744833, 0.7690086777778702], "L2_FC_zone_11": [-0.43181291296493585, -0.10572693157820047], "L2_FC_zone_7": [-0.22354217872304138, -0.14419508769928507], "L1_ELL": [-0.3937475349061701, -0.5680812358161942], "L2_FC_zone_6": [0.0644713799517877, -0.06645104856946836], "L2_FC_zone_9_walkway": [-0.28796755659771156, 0.031038645290536203], "L2_FC_zone_5": [0.3279031252525493, 0.2530577064125713], "L2_FC_zone_1": [0.019069868962224564, 0.5480753954059293], "L2_FC_zone_10": [-0.5195991965962906, 0.09342442929210644], "L2_SLL": [0.8043073939937385, 0.2306091549518277], "L2_FC_zone_2": [0.14620416273891232, 0.7019600573371727], "L2_ELL_1": [-0.3919415716764952, -0.4607103429181286], "L3_CLL": [0.1428838967340807, -0.39146029086500106], "L6_ELL": [-0.4002033303827057, -0.9387213252742109], "L2_FC_zone_8": [-0.14680251822892254, 0.3298875656656658], "L1_Shop_walkway_3": [-0.4912542253144262, -0.3463702096085439], "L2_FC_zone_5_walkway": [0.3094260052033039, 0.08991481107057286], "L2_FC_zone_8_walkway": [-0.06251703332390908, 0.08721650791635713], "L6_SLL": [0.9683074886522589, 0.12268541077210272], "L2_FC_zone_3": [0.23497881731546513, 0.570340442185704], "L1_CLL": [0.01521091399010263, -0.3956121804311213], "B2_ELL_1": [-0.5892679446017159, -0.5849099173245912], "L2_SLL_corridor": [0.4904268329813866, 0.23987533960653962], "L2_CLL": [0.04007164695913606, -0.19932864032564207], "L2_ELL_2": [-0.4065888037040904, -0.7228441524479566], "L2_FC_zone_9": [-0.3594989318017562, 0.21614884914097945]}, "L3-L4": {"L6_CLL": [-1.0, 0.3706142624641536], "L3_CLL": [0.35459106839693033, -0.13140931464678274], "L4_CLL": [-0.35453762706645614, 0.13141169558105134], "L2_CLL": [0.9999465586695256, -0.3706166433984223]}, "L6": {"L6_Deck_2": [-0.07055991688462439, 0.5566908642501827], "L4_CLL": [0.3082556405650015, -0.5021773331217684], "L6_CCC_walkway": [0.2917728931004152, -0.23035240514801614], "L6_Deck_3": [-0.4460134508018648, 0.3620459086326652], "L6_Deck_4": [-0.4827056841109366, 0.08393297348192588], "L6_Deck_1": [0.25589028188452045, 0.44387850910651117], "L5_R2_LL": [-0.9661815324203011, 0.3253903457161325], "L7_R1_LL": [0.17132191212948014, 1.0], "L6_ELL_corridor": [-0.1705552735297913, -0.47161354405256006], "L6_R1_LL_corridor": [0.13347953232473284, 0.633973925909376], "L6_R2_LL": [-0.8146261511957181, 0.3260968514535644], "L2_SLL": [0.8881272940746314, -0.4922262760271274], "L7_CLL": [0.21135130990264195, -0.5374300463191348], "L6_ST_3": [0.16129968487678686, -0.2325048753162846], "L6_CLL": [0.20872709946268464, -0.37756310601595056], "L6_ELL": [-0.3698913110481286, -0.6024851238205889], "L6_PG": [0.3614787266091718, 0.0725567067113646], "L6_ST_4": [-0.026520322826183503, -0.21183356671742834], "L6_SLL_corridor": [0.5487121303887376, -0.31434869561328166], "L5_R1_LL": [0.27917305060489683, 0.9717148205155881], "L6_SLL": [0.7719991347802223, -0.3916390514624956], "L6_ST_2": [0.29578123943945556, -0.09774056931705703], "L6_PG_walkway": [0.3307223893886146, 0.21570202308524022], "L7_R2_LL": [-0.9009409153999508, 0.4246674813383684], "L6_ST_5": [-0.138544137605073, -0.19886367933863605],